Title,ID,Acousticness,Danceability,Energy,Instrumentalness,Liveness,Loudness,Speechiness,Valence,Tempo,Popularity
Spanish Dance No. 1 (from La vida breve),4fVC2OQsDAPfZnFubMs90O,0.91,0.525,0.327,0.23,0.0396,-12.673,0.051,0.573,109.538,32
"La ronde des lutins, Op. 25",4c2SDLutiEdVHMuWa3eijN,0.955,0.632,0.428,0.359,0.108,-13.292,0.0516,0.897,100.137,30
Baal Shem: II. Nigun (Version for Violin & Piano),3MxcOaazsfhSYEaa57QaOW,0.957,0.144,0.24,0.0102,0.104,-15.614,0.0529,0.0565,71.676,9
"Sonata, Op. 9 No. 3 in D: Tambourin: Allegro vivace",12Yz4GNT7Z9v8ouJr88kwX,0.953,0.543,0.266,0.313,0.104,-10.896,0.037,0.776,142.196,2
"Violin Sonata No. 10 in G Major, Op. 96: 3. Scherzo (Allegro)",12fkqtGL7CQoqQrCt7ryOm,0.983,0.645,0.174,0.488,0.0997,-13.062,0.0449,0.566,98.685,7
"Sonata for Violin and Continuo in D Major, Op. 9, No. 3: 3. Sarabande. Largo",4NLf2G2DvLXedkLEQ55xa8,0.749,0.181,0.187,0.00805,0.297,-18.349,0.0421,0.209,103.909,4
"Sonata, Op. 9 No. 3 in D: Adagio molto moderato",4xodN3XuYwQxm6aIRJ2Y0Z,0.975,0.15,0.199,7.35e-05,0.239,-13.983,0.0494,0.363,67.988,3
"Sonata, Op. 11 No. 1 in E-Flat: Im Zeitmaß eines langsamen, feierlichen Tanzes",3SJ1msUINGI7AlkHuSy7ss,0.97,0.212,0.101,0.414,0.1,-22.375,0.0428,0.0546,95.793,2
"Violin Sonata in E-Flat Major, Op. 11, No. 1: I. Frisch",7G91HxFU1hZ5QHsmHN2Lul,0.976,0.302,0.13,0.449,0.159,-21.384,0.0481,0.119,137.593,15
"Sonata in E Major, Op. 1 No. 15, HWV 373: IV. Allegro",3dO79gv8EwMiudlBI0o181,0.99,0.429,0.29,0.00754,0.107,-10.36,0.0814,0.846,172.714,0
"Sonata in E Major, Op. 1 No. 15, HWV 373: III. Adagio",2EZsRUIM6xL0z1QvfmR8Ix,0.972,0.162,0.132,0.0088,0.18,-19.804,0.0414,0.0697,84.884,3
"Sonata in E Major, Op. 1 No. 15, HWV 373: II. Allegro",4qTtZVDZbPStc6Gt5ZjuaZ,0.986,0.553,0.448,3.93e-05,0.366,-10.918,0.0581,0.955,102.715,1
"Sonata in E Major, Op. 1 No. 15, HWV 373: I. Adagio",0yDXtPaB0SM1Dq195fSZ5r,0.989,0.2,0.187,0.0764,0.148,-16.907,0.0456,0.22,68.815,4
"Navarra, Op. 33",43B1FJTMPb8vPqfWEAflnK,0.927,0.497,0.246,0.753,0.16,-15.079,0.0447,0.578,100.525,35
Berceuse sfaradite,67bL1cBmNQGjCkXEtaQ16Z,0.898,0.0678,0.00749,0.00412,0.0929,-37.184,0.0536,0.0638,73.909,21
"24 Caprices for Solo Violin, Op. 1, MS 25: No. 24 in A Minor. Tema con variazioni",1MKHlKek6euzqrlqix2pVX,0.965,0.54,0.119,0.108,0.0756,-15.946,0.0645,0.683,121.441,9
"24 Caprices for Solo Violin, Op. 1, MS 25: No. 16 in G Minor. Presto",1gFP39hmLPoDG0HmZQsuuY,0.972,0.507,0.303,0.138,0.176,-16.166,0.0548,0.969,75.2,8
"24 Caprices for Solo Violin, Op. 1, MS 25: No. 1 in E Major. Andante",6z2eLnUWlBeAU9LFjaUF7s,0.973,0.587,0.264,0.87,0.349,-17.617,0.0684,0.934,111.685,8
Oblio's Return - Narration,37xPxSSbvchBND4OruIx4J,0.869,0.456,0.499,0.000181,0.0838,-13.867,0.531,0.736,170.05,22
The Clearing In the Woods - Narration,5xeEjfkN524RtHqZ1PDZJm,0.794,0.469,0.252,0.27,0.149,-19.641,0.085,0.561,137.19,22
The Birds - Narration,14vxqxCtiT4vvjZ06vz0nI,0.835,0.492,0.316,0.204,0.155,-17.181,0.135,0.333,73.146,23
The Pointed Man - Narration,1Db5YKbyraOfnQX9boBbfm,0.839,0.649,0.391,3e-05,0.509,-17.01,0.339,0.793,112.26,24
The Game - Narration,4heDQy6gYAFDzXQBopcsdS,0.566,0.731,0.392,0.00147,0.106,-18.062,0.15,0.845,91.485,25
The Town - Narration,117rBB0OEexfRmf9h0tCl1,0.83,0.732,0.304,1.96e-06,0.233,-19.752,0.467,0.669,116.384,25
Fists of Fury,66gLiXgY4hOU18P5E3lbWD,0.284,0.4,0.889,0.78,0.0885,-8.315,0.1,0.553,103.528,31
IGOR'S THEME,51RN0kzWd7xeR4th5HsEtW,0.00559,0.467,0.672,0.243,0.607,-7.371,0.377,0.0648,163.1,65
EXACTLY WHAT YOU RUN FROM YOU END UP CHASING,5e4LIAQI0bClLazNf2gZV0,0.927,0.0,0.478,0.0,0.335,-16.569,0.0,0.0,0.0,5
NEW MAGIC WAND,0fv2KH6hac06J86hBUTcSf,0.0967,0.621,0.73,0.000131,0.673,-5.414,0.107,0.464,139.566,68
"Prelude (Part I) - Live at Festival Hall, Osaka, Japan (1st Show) - February 1975",1XLQVY3fcsmrsEx5C3u659,0.0156,0.382,0.663,0.658,0.098,-12.661,0.0607,0.538,124.001,21
"Prelude, Pt. 2 - Live at Festival Hall, Osaka, Japan (1st Show) - February 1975",3KNYBgLWLY3kmDwp0IzdVd,0.0365,0.449,0.493,0.105,0.31,-15.625,0.0439,0.573,125.87,16
"Maiysha - Live at Festival Hall, Osaka, Japan (1st Show) - February 1975",57RmPSazWSE7662Kixf0zr,0.133,0.341,0.365,0.31,0.132,-17.313,0.0572,0.242,168.088,16
"Interlude - Live at Festival Hall, Osaka, Japan (1st Show) - February 1975",1wgEFql5TdtwhHMSaCrmfv,0.0745,0.351,0.446,0.108,0.117,-15.834,0.052,0.322,98.585,15
"Theme From Jack Johnson - Live at Festival Hall, Osaka, Japan (1st Show) - February 1975",2aMcMyK2SQKyftU2ATfHLw,0.0548,0.444,0.257,0.104,0.117,-20.651,0.0367,0.169,103.102,13
Let's Go Away For A While - Remastered,3GsgJI1aBrvUtqX8f3MhKT,0.254,0.279,0.31,0.806,0.101,-13.113,0.0253,0.0807,87.872,48
DUCKWORTH.,0y9uTzK9cNKSAEHnpeRG8C,0.0536,0.552,0.731,0.0,0.258,-6.873,0.615,0.632,174.516,64
Godzilla (feat. Juice WRLD),7FIWs0pqAYbP91WWM0vlTQ,0.145,0.808,0.745,0.0,0.292,-5.26,0.342,0.829,165.995,85
FEAR.,23luOrEVHMfoX0AhfbQuS6,0.604,0.588,0.479,7.2e-06,0.527,-7.039,0.281,0.434,150.414,64
XXX. FEAT. U2.,4iYRa2btalAzPZoSYfROqF,0.138,0.568,0.619,1.67e-06,0.11,-6.899,0.414,0.293,170.115,65
LOVE. FEAT. ZACARI.,6PGoSes0D9eUDeeAafB2As,0.264,0.8,0.585,0.0,0.153,-7.343,0.0924,0.779,126.058,78
Lust,7oJrVhiTPZGBXWPwhxjy9S,0.138,0.718,0.767,0.0,0.114,-5.641,0.166,0.519,160.084,75
HUMBLE.,7KXjTSCq5nL1LoYtL7XAwS,0.000282,0.908,0.621,5.39e-05,0.0958,-6.638,0.102,0.421,150.011,82
PRIDE.,6IZvVAP7VPPnsGX6bvgkqg,0.0786,0.665,0.535,1.68e-05,0.154,-7.056,0.0572,0.37,138.842,69
LOYALTY. FEAT. RIHANNA.,6SwRhMLwNqEi6alNPVG00n,0.0265,0.658,0.535,0.0,0.2,-8.983,0.0573,0.419,110.684,71
Feeling Whitney,35r28RDot7nPE7y9K9H7l0,0.787,0.412,0.227,4.69e-06,0.282,-12.696,0.0359,0.226,80.111,79
Element,57BGVV6wcyhbn3hsjlqEZB,0.0301,0.772,0.878,2.18e-06,0.251,-4.22,0.324,0.305,61.311,80
YAH.,4BHSjbYylfOH5WAGusDyni,0.576,0.67,0.7,5.34e-06,0.226,-7.893,0.196,0.648,69.986,63
DNA.,6HZILIRieu8S0iqY8kIKhj,0.00454,0.638,0.523,0.0,0.0842,-6.664,0.357,0.422,139.913,77
Blood On My Jeans,0fCwrjKfWxF3xQhZrYUw4T,0.183,0.868,0.55,0.0,0.109,-6.417,0.226,0.464,117.943,79
Yikes,75dLEqanQTupF3dtP9exT5,0.0409,0.911,0.637,3.68e-05,0.238,-8.381,0.447,0.66,149.996,73
All Mine,3U21A07gAloCc4P7J8rxcn,0.123,0.925,0.31,0.0,0.0931,-6.531,0.291,0.291,121.927,71
Wouldn't Leave,1nGoy0cEj0extAwXYNYTWd,0.495,0.556,0.432,0.0,0.308,-8.551,0.545,0.352,164.235,61
No Mistakes,35KV2Nuib6jPMVN00O8iba,0.0393,0.643,0.646,0.0,0.109,-2.442,0.0629,0.35,80.174,60
Ghost Town,7vgTNTaEz3CsBZ1N4YQalM,0.0969,0.573,0.545,0.0,0.329,-4.247,0.0288,0.297,83.378,74
Violent Crimes,3s7MCdXyWmwjdcWh7GWXas,0.376,0.669,0.419,0.0,0.187,-6.724,0.522,0.0397,109.813,75
I Thought About Killing You,0yhxBvedRdGxsPZHJNI4VA,0.867,0.752,0.396,0.0,0.0486,-7.932,0.411,0.417,116.016,61
All The Stars (with SZA),3GCdLUSnKSMJhs4Tj6CV3s,0.0605,0.698,0.633,0.000194,0.0926,-4.946,0.0597,0.552,96.924,79
X (with 2 Chainz & Saudi),4LmAnpjlhWTahvRkYR8xJa,0.0201,0.768,0.471,0.0,0.268,-8.406,0.259,0.405,131.023,68
The Ways (with Swae Lee),5jyyPsIGM2yqkZN9R3TmvN,0.0626,0.727,0.72,1.21e-06,0.176,-5.856,0.0488,0.589,140.08,64
Opps (with Yugen Blakrok),7bUcBztfGqO7cSI2gMZeCI,0.152,0.706,0.775,3.32e-05,0.416,-6.819,0.335,0.847,127.929,58
I Am What I Am (feat. Fivio Foreign),6FKbgWZ7KgpSk7tvFP7eEc,0.0746,0.798,0.673,0.0,0.126,-5.628,0.289,0.405,141.12,68
Paramedic!,2tPcTFiQF9MbVUyjZ3zDhA,0.177,0.856,0.652,0.0,0.193,-5.324,0.143,0.471,97.017,65
Bloody Waters (with Anderson .Paak & James Blake),4KXwFI9pgJLpUIAc9oSL8j,0.185,0.507,0.606,0.0,0.174,-8.758,0.452,0.202,180.607,60
"King's Dead (with Kendrick Lamar, Future & James Blake)",51rXHuKN8Loc4sUlKPODgH,0.000813,0.645,0.705,0.0,0.128,-5.008,0.299,0.376,137.133,71
Redemption Interlude,4FpfU1O7WCLBnmwu5XAFk4,0.662,0.549,0.449,4.88e-05,0.0866,-13.645,0.104,0.223,121.164,52
Redemption (with Babes Wodumo),76iVOVsliCHlWqKuDnCfhE,0.139,0.778,0.765,0.0274,0.123,-7.175,0.128,0.642,125.062,56
Seasons (with Sjava & Reason),35cOyocq8Gb6UcT0NWeTwn,0.28,0.629,0.554,0.0,0.158,-6.759,0.326,0.308,126.694,56
Big Shot (with Travis Scott),5cXg9IQS34FzLVdHhp7hu7,0.00759,0.855,0.478,0.0,0.101,-9.116,0.193,0.284,130.018,67
Pray For Me (with Kendrick Lamar),77UjLW8j5UAGAGVGhR5oUK,0.0762,0.735,0.677,2.17e-05,0.111,-4.979,0.093,0.188,100.584,75
Will He,7wvwXi9Z66dcH5t202vVkN,0.836,0.618,0.217,0.000163,0.538,-15.372,0.0515,0.0872,116.014,72
"Pills & Automobiles (feat. Yo Gotti, A Boogie Wit Da Hoodie & Kodak Black)",5gx2E5aIXMRBellPZW1up5,0.119,0.82,0.696,0.0,0.232,-4.918,0.182,0.617,144.981,67
Demons,3LlAyCYU26dvFZBDUIMb7a,0.19,0.505,0.71,0.00025,0.329,-3.015,0.0321,0.428,89.938,73
Window,3hARuUtzTdUuWH1KiLJlSf,0.436,0.714,0.483,2.3e-05,0.28,-9.378,0.195,0.67,91.025,71
Bitter Fuck,3LKgZUoFX1c4uT1CPDoOhz,0.426,0.803,0.338,0.00503,0.117,-9.397,0.0415,0.0723,119.989,60
worldstar money (interlude),435yU2MvEGfDdmbH0noWZ0,0.964,0.577,0.387,0.705,0.208,-8.607,0.274,0.459,146.565,75
Plastic Taste,4tAroWdVxOsx5teIaZqEHm,0.987,0.33,0.16,0.93,0.21,-11.647,0.0332,0.122,131.222,61
I Don't Wanna Waste My Time,72Qo3U5apeuv91j9BEqJBM,0.761,0.403,0.234,0.0618,0.123,-17.865,0.0531,0.13,144.226,65
Will He (Medasin Remix),4bOr88BuLILM22g8FKQWrG,0.545,0.686,0.539,0.000564,0.14,-9.408,0.092,0.36,123.929,53
Will He (Ryan Hemsworth Remix),1n8KCrv2wq43ysd6HQCpV6,0.826,0.532,0.385,0.00699,0.118,-10.371,0.0392,0.327,126.61,50
Demons (Lapalux Remix),7dbnPDB4gAJVTduLcixNMT,0.672,0.552,0.286,9.43e-05,0.122,-9.519,0.038,0.201,119.382,47
Demons (Lunice Remix),3MTef0fYROWYMP8b3ZAepO,0.101,0.834,0.966,0.843,0.14,-3.943,0.0425,0.882,119.99,45
Window (Actress Remix),2zpgZcT2Ec1zFCSMwv0UR1,0.136,0.808,0.552,0.915,0.203,-13.673,0.035,0.61,138.992,44
Pills (HWLS Remix),688ju6XT9P1vKt3sNEzuGS,0.805,0.366,0.666,0.662,0.184,-8.271,0.0379,0.0515,122.047,45
Bitter Fuck (salute remix),7DPl2FNuOhvPsNaqDehQ0c,0.751,0.523,0.623,0.436,0.341,-7.992,0.0719,0.375,132.985,46
I Don't Wanna Waste My Time (SwuM Remix),4H3kVzEBywafoCOq1DomD7,0.787,0.535,0.72,0.00339,0.103,-6.627,0.038,0.0759,118.94,48
Amen,7JcQlgYb0bewNr7autv7gm,0.448,0.604,0.789,0.0,0.152,-5.748,0.287,0.651,170.339,60
Occupied,7tCtApWNvLIIlplk3NieWx,0.441,0.819,0.823,0.000422,0.0676,-7.491,0.132,0.805,82.5,47
Attention (feat. Offset),16wWFYS9S4hKBk2Ofj3Ss6,0.0438,0.884,0.547,0.0,0.124,-7.492,0.387,0.425,158.019,54
Glow Like Dat,7MXcmkmyxEYAJf04cbqKoI,0.411,0.787,0.586,0.000311,0.118,-9.64,0.0695,0.581,140.036,58
Tresspass,3oYIm3GyXki3zEX6It90Wi,0.0431,0.823,0.798,0.013,0.404,-5.444,0.172,0.384,140.062,47
"Flightless Bird, American Mouth",1fEGtTZjrjJW8eUeewnNJR,0.827,0.369,0.403,0.0541,0.106,-7.996,0.0259,0.177,154.899,67
See Me Fall - Y2K Remix,5MLreTrtwv7fGyyAy0RyeB,0.301,0.625,0.829,0.0,0.107,-5.221,0.0976,0.131,109.976,70
Enemies (feat. DaBaby),0Xek5rqai2jcOWCYWJfVCF,0.0588,0.542,0.674,0.0,0.0955,-4.169,0.21,0.667,76.388,78
"Kitty Talk (feat. Quavo, Lil Wayne, & Jack Harlow) [Remix]",4n4yWZbhlyHrgFs9ztg21K,0.00203,0.95,0.603,2.58e-06,0.175,-5.083,0.12,0.312,99.019,57
Little Prince (feat. NIKI),3jKJnHixssQxdCShjpirKQ,0.166,0.909,0.414,2.49e-05,0.109,-7.337,0.0514,0.761,139.963,52
Chaos,7xtuwLeqUaRYJTS71Be1W3,0.000421,0.744,0.494,0.905,0.12,-6.142,0.0394,0.598,100.012,50
Arizona (feat. AUGUST 08),3q0UN40vV6mI7TT560Ry5l,0.695,0.651,0.526,0.0,0.386,-10.886,0.356,0.509,95.049,48
Beyond,1Omt5bfz1tZUCqd26HxbS0,0.229,0.58,0.687,0.0,0.109,-5.4,0.106,0.187,76.014,73
Doin' it Right (feat. Panda Bear),36c4JohayB9qd64eidQMBi,0.388,0.804,0.451,2.17e-05,0.0924,-8.207,0.0949,0.19,178.061,63
Contact (feat. Tyga),0WLhJ2NBuZHuoHY8pLVHJ0,0.00181,0.84,0.692,0.0,0.344,-5.399,0.0356,0.145,100.046,67
The Game of Love (feat. Michelle Branch) - Main / Radio Mix,41IShViF79gmulEkIHAjcb,0.0714,0.59,0.929,0.000153,0.0598,-3.236,0.0478,0.674,119.818,60
Within You Without You - Remastered 2009,3Umg8CDhO8dOSj7yBTInYb,0.339,0.352,0.479,0.000353,0.486,-9.965,0.0338,0.354,126.166,58
Touch (feat. Paul Williams),7oaEjLP2dTJLJsITbAxTOz,0.477,0.29,0.412,0.0839,0.079,-12.659,0.0458,0.12,90.539,57
Motherboard,79koEJRtKOOGJ0VSAF3FMk,0.512,0.548,0.707,0.922,0.105,-14.902,0.0352,0.284,103.009,54
"Main Title - From ""Star Wars: A New Hope""",5jpYOzRsoCaaX93OVf0vaj,0.513,0.197,0.422,0.555,0.284,-13.065,0.0423,0.0948,94.018,5
Imperial Attack,3KVsq9veMUESIb3ln7Rowv,0.888,0.168,0.181,0.888,0.0798,-15.593,0.0358,0.0377,81.695,41
"Princess Leia's Theme - From ""Star Wars: A New Hope""",698aWsN8hq95hskRJzi7wl,0.821,0.209,0.132,0.081,0.137,-16.799,0.0459,0.0343,103.57,3
The Desert and the Robot Auction,6I50fU69S2yz4yc96r55s2,0.817,0.271,0.0329,0.871,0.0775,-24.583,0.0372,0.054,118.569,37
ben's death and tie fighter attack ~ star wars lofi,3eMIS3nsVEMfgggObvWT3G,0.897,0.487,0.344,0.464,0.138,-9.382,0.0406,0.0579,80.239,46
The Little People Work,2FMeboz4OrxtJz49sJsg4d,0.896,0.449,0.0534,0.518,0.216,-24.646,0.0332,0.0584,115.118,34
rescue of the princess ~ star wars lofi,3jsWMdImQgiDP58WLrTdbO,0.949,0.75,0.5,0.837,0.26,-9.576,0.13,0.179,61.931,45
Inner City Blues (Make Me Wanna Holler),4KuBTG9nvmPhgwlRoXnJrJ,0.705,0.641,0.605,0.0888,0.0761,-9.177,0.0332,0.64,94.075,61
Cantina Band,5ZSAdkQb23NPIcUGt6exdm,0.255,0.699,0.419,0.0239,0.0471,-15.133,0.134,0.822,131.629,54
The Land of the Sand People,21n9uPZmtIKoWnuzliKwgk,0.898,0.299,0.173,0.616,0.123,-18.186,0.0522,0.0381,148.621,33
Mouse Robot and Blasting Off,2Xu7MPDIsDobH3czJMAhZM,0.747,0.156,0.156,0.463,0.172,-17.088,0.038,0.0566,74.83,32
The Return Home,2oBeDHORDq9ZeQnuygW7jZ,0.906,0.127,0.215,0.94,0.119,-19.073,0.0351,0.0541,88.382,52
The Walls Converge,2Nh7tGG4fQcEvKd824PNg7,0.859,0.197,0.108,0.749,0.131,-20.444,0.036,0.0751,96.387,32
The Princess Appears,0mcjp7typ1CcpSiycHZT2E,0.956,0.185,0.0599,0.872,0.125,-27.514,0.0428,0.0393,77.707,38
The Last Battle,7hrW22GLqFLwQOfQYLEw6q,0.000193,0.522,0.899,1.68e-06,0.25,-5.236,0.0469,0.579,135.979,54
The Throne Room and End Title,3HjDvnmiTLKaDalq4u2Hem,0.786,0.297,0.372,0.88,0.0758,-11.987,0.0331,0.191,57.633,45
Main Title and The Attack on the Jakku Village,0o9AEYW61Jb0dwmHlVhXk5,0.838,0.188,0.314,0.902,0.128,-11.955,0.0358,0.0382,84.803,40
The Scavenger,2AJHEH475SPH3XckX6KyBI,0.955,0.212,0.0238,0.965,0.106,-24.511,0.0409,0.0375,68.484,41
I Can Fly Anything,7k6yvU97GVOgUgWdSfTggp,0.822,0.372,0.328,0.904,0.0959,-11.957,0.0318,0.0811,72.802,34
Rey Meets BB-8,0Hicqz1K8PswE0Uijx5STA,0.953,0.0793,0.03,0.585,0.323,-25.662,0.0368,0.0371,172.775,35
Follow Me,4KoecuyOpZaNFZ0UqVsllc,0.439,0.817,0.585,0.0,0.147,-4.688,0.0301,0.916,105.014,71
"Rey's Theme - From ""Star Wars: The Force Awakens""",1bIFSH9m5f4JdJz8FXSIEg,0.66,0.373,0.242,0.488,0.116,-15.705,0.0368,0.25,107.729,7
The Falcon,73kJJ42uVT0eu1CseFBu7i,0.82,0.436,0.473,0.738,0.393,-11.018,0.031,0.199,78.505,34
That Girl with the Staff,3O5GA5BWJVfvIBIO0ZLlV1,0.934,0.0773,0.0288,0.946,0.417,-25.074,0.0373,0.0376,70.406,32
The Rathtars!,1RvQgGp79PAzA4qH9FoFyX,0.846,0.313,0.39,0.863,0.109,-12.706,0.0522,0.094,129.331,31
Finn's Confession,0pQaOmtNL5ChJfmpDoBqDl,0.951,0.214,0.0882,0.932,0.253,-22.076,0.0392,0.0372,86.663,34
Maz's Counsel,4bElef2DtJhpp0M9dRLDPY,0.966,0.133,0.0133,0.741,0.0792,-24.976,0.043,0.0327,74.99,32
The Starkiller,7olfP2L9CUVWXfCzwJgb4Z,0.946,0.169,0.089,0.835,0.0934,-23.308,0.0436,0.0301,88.408,36
Kylo Ren Arrives at the Battle,4iMmW8NcVFU5ytJkHa6IbA,0.881,0.242,0.302,0.942,0.136,-14.991,0.0522,0.0554,123.185,42
The Abduction,6oaHglhRhDyRfkuns0c0EU,0.276,0.382,0.535,0.000593,0.253,-8.412,0.158,0.318,158.406,34
Han and Leia,435kGXFzCdIT7O3qlR34zw,0.968,0.0836,0.0223,0.948,0.0912,-22.6,0.0453,0.0387,170.502,38
March of the Resistance,420y9qWviZ4cdneynQWSKr,0.88,0.608,0.398,0.915,0.144,-9.625,0.0295,0.487,101.955,46
Snoke,3o1js2az714YgrfcMgxdas,0.896,0.0753,0.00822,0.948,0.117,-38.384,0.0416,0.0333,81.373,34
On the Inside (feat. 21 Savage),5ZHbT8BXYY7Gq9S5HURfwV,0.121,0.812,0.615,0.0,0.108,-6.634,0.368,0.512,163.974,50
Torn Apart,2rpW6YlfARNrITNWJbqCgM,0.0747,0.653,0.505,1.62e-06,0.114,-11.587,0.0422,0.114,92.999,54
The Ways of the Force,2ufKdr8F14sT0dOrExY3zK,0.871,0.172,0.307,0.941,0.11,-14.977,0.0372,0.0491,77.818,36
Scherzo for X-Wings,6eWfgktrz9i593f0ivmw25,0.787,0.37,0.431,0.839,0.357,-10.02,0.0425,0.327,135.875,35
Farewell and The Trip,5rNeP2W50bPqxNGznooWCV,0.961,0.149,0.117,0.846,0.0884,-16.079,0.0367,0.0373,102.437,35
The Jedi Steps and Finale,3fdY6ZVYtiHcrArNdvK3Ux,0.908,0.234,0.27,0.941,0.0788,-12.99,0.0342,0.0738,134.379,44
Bitter,5Z0AM9HW78XIyZqF2BPasr,0.393,0.724,0.594,0.00116,0.0889,-7.126,0.102,0.413,136.002,76
Kaleidoscope,2SkJKMfjpYsNv0KWOxiegX,0.0182,0.709,0.913,0.0,0.167,-5.148,0.0748,0.519,108.024,57
Sanction,7dhfwXTL1eeCHuvDXKnjym,0.082,0.873,0.694,3.29e-05,0.0783,-5.984,0.359,0.748,141.95,36
Firework,4lCv7b86sLynZbXhfScfm2,0.139,0.638,0.826,0.0,0.0803,-4.968,0.0479,0.649,124.072,73
Rush,11MGMZjUt1AXMxBoTxbO1q,0.00141,0.384,0.792,0.0113,0.353,-4.76,0.0405,0.134,119.916,42
Globe Amaranth,54H4qZtQG19NsvdHwHw4vH,0.662,0.589,0.616,0.0,0.296,-6.154,0.0341,0.425,152.011,0
Suffolk Punch,6LnE00VRn6mOc5Pp63sTf8,0.0194,0.643,0.79,0.213,0.0627,-7.413,0.44,0.218,137.761,2
The Catacombs (feat. Jason Evans & Dickie Allen),4OQTjJQp77nVBfZuGnLPmY,0.00163,0.255,0.998,0.0105,0.372,-2.995,0.249,0.0574,105.811,40
Labyrinth of Ghosts,1RJOFXC6LR9jfsgRrZuoPg,0.231,0.693,0.578,0.923,0.282,-12.72,0.0361,0.446,121.977,2
September,2grjqo0Frpf2okIBiifQKs,0.168,0.697,0.832,0.00131,0.269,-7.264,0.0298,0.979,125.926,80
Ruckus,4RWpsZUfHdfCVX1KgpQgWU,0.176,0.63,0.962,0.0,0.137,-1.692,0.36,0.464,130.11,58
Noon To Noon,2vJyWO3B5Kh982QE45S1Tl,0.881,0.575,0.231,0.219,0.122,-17.459,0.0341,0.636,85.538,22
Grey Area,6jzW19SQaLj1kLArvipGQZ,0.0679,0.897,0.767,0.000364,0.129,-4.544,0.0959,0.675,134.913,69
Already Done,2bcjiEmggC5r06kuLuwGIm,0.0381,0.461,0.595,0.0,0.165,-7.814,0.0335,0.231,130.1,46
Mia & Sebastian’s Theme,1Vk4yRsz0iBzDiZEoFMQyv,0.976,0.476,0.192,0.928,0.119,-15.753,0.064,0.114,116.542,63
Herman’s Habit,4f6PUDRYJI51UrZy0jDAxD,0.0634,0.588,0.593,0.889,0.214,-9.448,0.052,0.668,123.678,54
Planetarium,70RecAVg5QudOXfJs64sM5,0.92,0.248,0.142,0.733,0.548,-15.443,0.0379,0.0439,128.841,56
Summer Montage / Madeline,4S3DXtdTdgOIezKgu8DR0M,0.113,0.596,0.502,0.797,0.264,-6.783,0.0277,0.653,107.719,54
Epilogue,5zZY5LXTgeTmuPMR0bTgJW,0.991,0.535,0.0843,0.899,0.096,-23.232,0.0534,0.268,71.992,60
THE END,4w7vZjpsnpKizj7NE0Nuld,0.0242,0.639,0.711,0.0,0.142,-4.244,0.0315,0.605,102.95,70
City Of Stars (Humming),3gbwtdRrtD05lz08DTxfFt,0.975,0.564,0.0136,0.0168,0.111,-24.79,0.0349,0.397,93.205,56
Cosmos Main Title,0ULyPCxoU9yrQvbhAra9IP,0.87,0.114,0.056,0.158,0.144,-21.1,0.0406,0.0387,75.221,29
Come with Me Now,2kWowW0k4oFymhkr7LmvzO,0.0311,0.654,0.726,6.35e-05,0.0618,-3.803,0.0401,0.728,103.987,68
"""The Cosmos Is Yours""",3hdfT9f2jWMxXte12YU3Go,0.921,0.22,0.231,0.852,0.15,-16.967,0.0365,0.0356,115.441,19
Virgo Supercluster,2hfPZl2AuvFJ8ZDpKtqHXw,0.722,0.139,0.178,0.523,0.614,-19.446,0.0402,0.0345,178.917,20
Multiverse,6ovXUEUiOirA5SHICrI9Yu,0.0113,0.419,0.827,0.00128,0.303,-4.56,0.0764,0.101,148.055,34
Giordano Bruno,1qCSjo666qeImD4ypPBZie,0.944,0.196,0.0759,0.822,0.14,-22.787,0.0389,0.0599,77.674,21
Revelation of Immensity,4dkasKm3QhSdbKTeyZ7aoK,0.915,0.205,0.148,0.471,0.137,-17.306,0.0408,0.0324,111.616,17
The Inquisition Marches,2o7WFrqWv5e3Be8LhhX5Kx,0.297,0.399,0.576,0.907,0.105,-10.603,0.0412,0.115,112.863,32
The Staggering Immensity of Time,4vGrrNGRlxDJL4eWjabuPV,0.943,0.208,0.0884,0.728,0.151,-18.709,0.0334,0.0318,70.28,16
Star Stuff,0DpSteKEZIJLAE5ayG4IX6,0.0268,0.501,0.719,0.00661,0.0896,-5.118,0.0291,0.61,114.817,34
No Natural Order,0GbFBLIMDcDBLIHKyxmd3S,0.000244,0.144,0.685,0.164,0.372,-10.393,0.0703,0.0913,80.272,11
New Year's Eve,3SgCExED2NXbd4oJh0vZdW,0.962,0.428,0.13,0.888,0.109,-24.518,0.0421,0.16,94.044,53
"""Our Journey Is Just Beginning""",4K3HgCO0Lrrdlsgf1wpSF2,0.932,0.171,0.0749,0.948,0.116,-19.999,0.0355,0.0335,141.74,16
Can You Hear Him,4DFhsqrWFcdn7hciEc2KVu,0.291,0.339,0.911,0.928,0.0896,-6.393,0.142,0.441,125.479,24
Hub-Tones,4fiu1Jrn7VA6V8Jdl6v76L,0.483,0.502,0.815,0.917,0.161,-8.1,0.0895,0.687,127.811,24
Connections,00eVMhP8po6ZGF97btNxqW,0.825,0.644,0.716,0.748,0.578,-12.196,0.186,0.927,72.94,46
Tiffakonkae,7mcQ9QfCWqeRyZkvNeLDuc,0.604,0.319,0.698,0.897,0.093,-10.275,0.0517,0.389,99.038,21
The Invincible Youth,7DMOc7UJwTUl5zbrFvUK7c,0.757,0.397,0.74,0.657,0.202,-10.375,0.0731,0.429,103.936,20
Testify,7lmeHLHBe4nmXzuXc0HDjk,0.0261,0.47,0.978,1.09e-05,0.356,-5.399,0.0727,0.503,117.906,66
One of One,1glyXSXED2SPGTZzcGnS2D,0.992,0.499,0.0867,4.02e-05,0.132,-18.88,0.0385,0.252,137.189,45
The Space Travelers Lullaby,7G1BDlsQntzvbFRoAQ4r7G,0.713,0.15,0.37,0.859,0.0671,-9.794,0.0317,0.116,84.549,21
Vi Lua Vi Sol,0On6tVhk7uXDl6CUPzqGjM,0.366,0.415,0.767,0.797,0.117,-8.507,0.11,0.477,104.817,21
Street Fighter Mas,2kTWcP2fid9TKLdcRuiAq4,0.58,0.6,0.662,0.952,0.1,-8.285,0.0941,0.707,80.856,43
Song For The Fallen,7ohNEvwIw0tktqMLTxZJB5,0.561,0.382,0.711,0.897,0.636,-10.741,0.0652,0.269,108.157,19
Don't Stop Believin',4bHsxqR3GMrXTxEPLuK5ue,0.127,0.5,0.748,0.0,0.447,-9.072,0.0363,0.514,118.852,80
The Psalmnist,5DGSGrhhKvSDQbCPk77s4T,0.421,0.62,0.856,0.866,0.133,-8.293,0.111,0.579,111.563,18
"Show Us The Way - From ""Brave""/Score",27ZCrCrlVwX7LPLl7yAfj4,0.618,0.159,0.179,0.742,0.137,-13.641,0.0408,0.188,76.19,30
Will You Sing,0m7OuucR3TTpE4LgzQaCPv,0.691,0.309,0.789,0.844,0.111,-9.223,0.0906,0.331,87.069,18
Strawberry Fields Forever - Remastered 2009,3Am0IbOxmvlSXro7N5iSfZ,0.336,0.39,0.502,0.000138,0.0713,-12.277,0.178,0.289,97.871,70
Penny Lane - Remastered 2009,1h04XMpzGzmAudoI6VHBgA,0.212,0.651,0.488,0.026,0.136,-8.22,0.0316,0.49,113.038,66
"Baby, You're A Rich Man - Remastered 2009",0JBvtprXP2Z0LP3jmzA7Xp,0.0119,0.619,0.625,1.05e-06,0.152,-9.635,0.036,0.467,96.751,57
One More Time,0DiWol3AO6WpXZgp0goxAV,0.0193,0.611,0.697,0.0,0.332,-8.618,0.133,0.476,122.752,75
Aerodynamic,3H3cOQ6LBLSvmcaV7QkZEu,0.328,0.624,0.911,0.861,0.0727,-7.482,0.0524,0.135,122.902,59
Digital Love,2VEZx7NWsZ1D0eJ4uv5Fym,0.0481,0.644,0.664,0.862,0.342,-8.398,0.0333,0.53,124.726,64
"Harder, Better, Faster, Stronger",5W3cjX2J3tjhG8zb6u0qHn,0.0427,0.817,0.716,0.00263,0.358,-8.898,0.144,0.692,123.475,71
Crescendolls,6vuPZX9fWESg5js2JFTQRJ,0.0035,0.696,0.75,0.922,0.0889,-8.503,0.0721,0.937,124.048,54
Nightvision,63JXZZRbmzooashakb0zbu,0.845,0.491,0.186,0.916,0.109,-29.512,0.0321,0.457,119.881,52
Superheroes,37sINbJZcFdHFAsVNsPq1i,0.00219,0.491,0.885,0.0,0.0741,-4.121,0.0395,0.641,166.992,75
High Life,4yLU3MNP3J6x3KrcAMZWnf,0.633,0.694,0.892,0.799,0.108,-9.144,0.072,0.809,75.01,48
Something About Us,1NeLwFETswx8Fzxl2AFl91,0.44,0.875,0.475,0.72,0.046,-12.673,0.0986,0.384,99.958,69
Voyager,2VZD4Jqb0vKeCNPbkqVxLL,0.926,0.452,0.0256,0.875,0.0866,-29.035,0.0325,0.135,144.091,61
Veridis Quo,2LD2gT7gwAurzdQDQtILds,0.479,0.604,0.687,0.95,0.104,-13.928,0.045,0.119,106.896,63
Short Circuit,4npMbTuxrUA3Wd7edACZ2L,0.00461,0.535,0.558,0.824,0.0821,-10.756,0.0741,0.215,109.69,50
Face To Face,2QdVcmVPIxW826rRJDf58l,0.139,0.711,0.634,0.0,0.103,-4.351,0.0668,0.356,90.04,65
too long,400umxn1XJFEhLzEnXa6mV,0.225,0.562,0.675,0.0,0.0963,-4.115,0.0326,0.694,129.798,47
Main Title (The Godfather Waltz),3WoSJF85H0qywD4qLp4HDd,0.974,0.213,0.107,0.879,0.0778,-19.115,0.0392,0.113,62.069,53
I Have But One Heart ('O Marenariello) - Remastered,0Um5yRo7dOIKpIQpGKT4mW,0.9,0.113,0.2,0.00118,0.149,-13.735,0.033,0.117,87.31,42
The Pickup,5ybGsOXzG2T6LnlyUw9hcx,0.903,0.197,0.284,0.817,0.116,-12.718,0.0326,0.0733,94.62,34
Connie's Wedding,6g9qn6wAWGK7B0ISwIK0ki,0.674,0.651,0.69,0.88,0.375,-11.371,0.548,0.879,77.072,37
The Halls Of Fear,2g9CWmKvjUhAF07k8E6Js3,0.972,0.22,0.219,0.858,0.0541,-14.295,0.0325,0.039,76.373,41
Sicilian Pastorale,1TgdMhc341oncqEcMTorG0,0.966,0.216,0.0675,0.694,0.0897,-18.781,0.0413,0.0676,60.858,41
"Love Theme From ""The Godfather""",39zu6JGd6tvRNsqyK78RLk,0.927,0.198,0.221,0.92,0.0797,-12.706,0.0355,0.0851,68.932,56
The Godfather Waltz,6DtJ6DC2LBZohyHHeFs52u,0.977,0.226,0.166,0.875,0.09,-13.014,0.0415,0.115,115.057,48
Apollonia,1wHjzlDCHmfG13zNmy9bxa,0.971,0.387,0.152,0.892,0.131,-22.195,0.0375,0.18,99.556,46
The New Godfather,0hBoE68pNPrh9E8g0bStix,0.989,0.103,0.133,0.919,0.0993,-15.915,0.0371,0.0324,53.164,41
The Baptism,0wD1K5KvryeHjlU20TGDkp,0.701,0.145,0.344,0.675,0.104,-10.389,0.0347,0.0702,69.942,33
The Godfather Finale,3WoKGCQENAoYNu1NTrdLdy,0.956,0.183,0.264,0.841,0.107,-13.13,0.0364,0.0537,95.193,44
No Pressure Intro,41hwbZ1yF705MxJ7H9bwEu,0.372,0.794,0.845,0.0,0.124,-6.118,0.387,0.831,93.939,65
Hit My Line,24FR8mXTaiGZPrxnkf1kcP,0.143,0.62,0.786,0.0,0.46,-5.22,0.167,0.679,164.057,67
GP4,1OmmCrliFMIWzNke437KHE,0.282,0.809,0.684,1.44e-06,0.241,-3.578,0.273,0.857,85.009,63
Celebration Station,25B5fGr9K0VdZJiRFsnMO4,0.101,0.748,0.771,0.0,0.135,-4.156,0.15,0.792,142.086,64
Open Mic\\Aquarius III,4L6QpiLxCLok9wZfFIdiqF,0.169,0.751,0.916,0.0,0.366,-3.917,0.256,0.745,89.876,62
Soul Food II,7e0nXDIIa6hFqI4HmuanLP,0.13,0.457,0.909,0.0,0.48,-4.749,0.328,0.615,87.412,64
Perfect,0tgVpDi06FyKpA1z0VMD4v,0.163,0.599,0.448,0.0,0.106,-6.312,0.0232,0.168,95.05,86
man i is,0ERnYArznxdTBEIj1VSta8,0.365,0.754,0.778,6.96e-05,0.152,-2.745,0.134,0.95,74.999,64
DadBod,2Wf2u3sZ8rR1sdiBuSbeR0,0.71,0.81,0.708,0.0,0.557,-4.657,0.328,0.722,92.272,63
5 Hooks,7ikkUWdCqtyEGgSPyVxePq,0.125,0.552,0.861,0.0,0.388,-4.114,0.243,0.56,86.639,60
Dark Place,6RIe8KbX9YMO9hFSuowqII,0.39,0.719,0.627,0.0,0.0981,-7.973,0.35,0.534,86.001,60
A2Z,7oFnyYm3SIqDJCAYAA1oZI,0.603,0.662,0.918,0.0,0.405,-5.915,0.492,0.516,88.833,58
Heard 'Em Say,6yIjtVtnOBeC8SwdVHzAuF,0.0535,0.744,0.696,0.0454,0.128,-8.313,0.162,0.563,95.07,62
Obediently Yours,6K2WirQZkriGBTliRuL7Y7,0.917,0.561,0.905,0.0174,0.573,-4.606,0.274,0.87,85.258,55
"Sonata for Violin Solo No. 1 in G Minor, BWV 1001: 1. Adagio",2lh5pqyvcUnXpsGRzhm737,0.989,0.159,0.0894,0.0149,0.685,-20.277,0.0463,0.184,84.247,35
"Sonata for Violin Solo No. 1 in G Minor, BWV 1001: 2. Fuga. Allegro",1Xkup8WkrOfFVPZ4r7Zkhf,0.99,0.382,0.151,0.000124,0.122,-16.028,0.0569,0.713,115.943,32
"Sonata for Violin Solo No. 1 in G Minor, BWV 1001: 3. Siciliana",09wpq3XIEdBX40IESltcny,0.992,0.178,0.0819,0.000217,0.345,-19.69,0.0485,0.314,84.925,4
"Sonata for Violin Solo No. 1 in G Minor, BWV 1001: 4. Presto",0HB9QK0Eraem2k4JmR6ZWs,0.991,0.467,0.255,0.000978,0.221,-17.66,0.0566,0.915,125.297,32
"Partita for Violin Solo No. 1 in B Minor, BWV 1002: 1. Allemande",2BF0UcUOosThifZEVYKCnG,0.984,0.22,0.0813,0.205,0.145,-21.945,0.0507,0.298,92.623,29
"Partita for Violin Solo No. 1 in B Minor, BWV 1002: 2. Double",3NMaN8bp1QlzVXJCF22Fgv,0.992,0.465,0.0216,0.2,0.323,-22.723,0.102,0.831,120.117,3
"Partita for Violin Solo No. 1 in B Minor, BWV 1002: 3. Courante",7o6P0HbeG4YZfTeaWk0m2C,0.988,0.38,0.122,0.000651,0.132,-18.014,0.0597,0.891,130.206,27
"Partita for Violin Solo No. 1 in B Minor, BWV 1002: 4. Double. Presto",4XJXYvjW0CB2MLMk8l7Vdi,0.973,0.456,0.456,0.353,0.186,-16.055,0.0535,0.974,144.489,39
"Partita for Violin Solo No. 1 in B Minor, BWV 1002: 5. Sarabande",699Tx0stxKiuY5zyPG5JYz,0.985,0.177,0.0995,0.153,0.108,-18.737,0.0439,0.174,90.491,27
"Partita for Violin Solo No. 1 in B Minor, BWV 1002: 6. Double",3OFGECYfKzbXwex3zOSyWJ,0.994,0.463,0.0394,0.134,0.127,-21.174,0.0788,0.901,135.365,11
"Partita for Violin Solo No. 1 in B Minor, BWV 1002: 7. Tempo di Bourreé",3EO7inONQPTMV7uQDPSM3u,0.987,0.491,0.0979,0.121,0.0932,-18.411,0.0464,0.807,79.272,26
"Partita for Violin Solo No. 1 in B Minor, BWV 1002: 8. Double",6EivblzVtQxwJsRQ2ByYao,0.987,0.494,0.156,0.000141,0.112,-19.113,0.0937,0.963,86.886,26
"Sonata for Violin Solo No. 2 in A Minor, BWV 1003: 1. Grave",0KDHY2Gyf0YVp29vSBoKoP,0.989,0.169,0.11,0.146,0.184,-21.012,0.0453,0.191,86.504,27
"Sonata for Violin Solo No. 2 in A Minor, BWV 1003: 2. Fuga",4sofWAXuZUHMFUkxoIVkLU,0.993,0.297,0.12,0.00431,0.0712,-16.387,0.0569,0.608,72.77,28
"Sonata for Violin Solo No. 2 in A Minor, BWV 1003: 3. Andante",5y12x8ztVdrNFVyRLk16i7,0.983,0.184,0.0561,0.0104,0.103,-22.984,0.0477,0.102,100.156,28
"Sonata for Violin Solo No. 2 in A Minor, BWV 1003: 4. Allegro",5LXkVuIQsR33qnSDDZ6giG,0.992,0.5,0.162,0.00698,0.0502,-17.441,0.0731,0.964,83.257,28
"Yoda's Theme - From ""Star Wars: The Empire Strikes Back""",76lvGdrRLYvHA4gcszAKgz,0.784,0.16,0.185,0.52,0.0829,-20.527,0.0446,0.0739,92.045,24
"Hedwig's Theme - From ""Harry Potter And The Philosopher's Stone"" / Live At Walt Disney Concert Hall, Los Angeles / 2019",40KtLaVTK2CKWnzEdET3U2,0.957,0.241,0.165,0.701,0.0883,-16.588,0.0325,0.0871,81.945,6
"Across The Stars (Love Theme) - From ""Star Wars: Attack Of The Clones""",7FPt6NFBuMcAsINoRQyXNb,0.843,0.166,0.208,0.177,0.0837,-18.292,0.0425,0.0722,85.064,3
"Donnybrook Fair - Based On ""Blowing Off Steam"" From ""Far And Away""",6K4DJOToQHWP6QI1IVfiUR,0.853,0.548,0.386,0.878,0.147,-13.878,0.0507,0.517,87.526,1
"Sayuri's Theme - From ""Memoirs Of A Geisha""",2vRudDqnrCorlGDTAH4XFr,0.864,0.248,0.221,0.064,0.0786,-15.811,0.0452,0.0432,87.841,1
"Night Journeys - From ""Dracula""",1xdoNsOiqk2IKvEgJNvgkb,0.817,0.181,0.277,0.562,0.0979,-13.466,0.0415,0.0388,78.247,1
"Theme - From ""Sabrina""",2O0AoCjfSOhFN33mtw9n7j,0.69,0.213,0.283,0.467,0.102,-16.621,0.0421,0.0605,97.424,1
"The Duel - From ""The Adventures Of Tintin""",5KlYLiwmDj2GiRNbEZrckD,0.939,0.433,0.385,0.833,0.0832,-13.588,0.125,0.384,65.689,4
"Luke And Leia - From ""Star Wars: Return Of The Jedi""",0bYiHGOcXqFaxa0H6ru88X,0.708,0.135,0.274,0.386,0.0921,-14.241,0.0409,0.0377,83.829,40
"Nice To Be Around - From ""Cinderella Liberty""",3ot73BxzjCl4hNrHcaJMQb,0.811,0.298,0.257,0.487,0.0708,-15.492,0.0389,0.07,97.522,2
"Theme - From ""Schindler's List""",2YXOy3FUFBL5tWgl9tIJ6G,0.856,0.178,0.199,0.681,0.0979,-16.232,0.0448,0.0394,71.79,3
The Beginning,4f3nDjgqXurMryYBSp0TZD,8.83e-05,0.36,0.983,0.0,0.111,-2.352,0.101,0.279,182.058,61
Sword of Truth,73OyKB1YZvMT6zojnFe846,0.00749,0.589,0.717,0.832,0.0932,-6.593,0.033,0.342,123.985,43
The Way Home,7sJyhrLf0RVjYJex4ZomXU,0.969,0.209,0.0472,0.933,0.086,-31.307,0.0342,0.0542,61.651,61
Kill Them All,1Y1UKiNNqMpSc1HojIjJvB,0.0716,0.802,0.791,8.08e-06,0.0651,-4.037,0.239,0.772,168.059,46
In The Face Of Evil,2bHpNAMEsB3Wc00y87JTdn,0.011,0.296,0.764,0.0724,0.158,-4.499,0.0315,0.144,143.89,56
Only Way In,4GstnXphpTz4d5UntpkT5B,0.00214,0.576,0.734,0.0828,0.362,-7.246,0.0497,0.0468,122.03,35
Reflections,2PtBhfoPZ6VYtXkrE5FrCH,0.0223,0.683,0.675,0.0187,0.101,-5.461,0.0292,0.6,111.008,62
Retrogram,1mhMZAGtpiPKJeQcONB4ud,0.000438,0.544,0.739,0.908,0.425,-7.588,0.0334,0.16,164.051,28
Discovering,26I4QjhQNzyyTKomVRl4wn,0.566,0.713,0.26,0.883,0.294,-22.457,0.0474,0.186,119.996,60
Memories In Shadow,0UiCbKgWLXq4O5dXx5WAde,0.729,0.382,0.133,0.94,0.112,-20.492,0.04,0.0936,93.995,25
Battlefield,1Nme6K1PYAh7p7uygyuRdf,0.0178,0.613,0.634,0.0,0.0719,-3.472,0.0339,0.37,144.953,58
Infinite,1aWpVsNjEiqpFvV3KhJiWu,0.000121,0.441,0.868,2.72e-06,0.145,-5.516,0.0714,0.366,162.0,60
Journey's End,5OEXISM55Inhcs4Ea29Iej,0.95,0.125,0.085,0.958,0.0915,-25.433,0.0405,0.038,71.455,49
Giorgio by Moroder,0oks4FnzhNp5QPTZtoet7c,0.0692,0.74,0.682,0.53,0.381,-10.42,0.0504,0.41,113.201,62
The Bean Kicked In,2jWdfpU2kvrOyEroQxQls2,0.00041,0.735,0.751,0.0,0.119,-5.551,0.0705,0.575,73.039,48
Fake ID,4qq73N1TKocRaYGQS23b9u,0.21,0.746,0.862,0.0363,0.225,-6.11,0.0776,0.604,122.011,66
The Time (Dirty Bit),7vWFaMq63AwkFDhS2OAg5u,0.0662,0.816,0.813,2.77e-06,0.602,-7.798,0.0664,0.436,127.979,70
Misirlou,1p791U7Bx5PmvCwucN4PQN,0.00345,0.293,0.951,0.916,0.572,-5.846,0.0652,0.561,173.439,43
Pulled Up,13auivFxxFsu5QkvUR0ser,0.178,0.91,0.538,0.0,0.115,-8.544,0.145,0.342,130.042,47
Brain Stew,1nLnpLXvl68RZCSjfkyiaa,0.00133,0.559,0.543,2e-05,0.0577,-5.429,0.302,0.337,75.958,70
Boredom (feat. Rex Orange County & Anna of the North),5WNYg3usc6H8N3MBEp4zVk,0.79,0.559,0.578,0.000522,0.324,-9.54,0.151,0.239,79.938,74
Basket Case,6L89mwZXSOwYl76YXfX13s,0.00293,0.442,0.943,8.71e-06,0.091,-3.205,0.0602,0.781,85.064,79
フライ・ミー・トゥ・ザ・ムーン,0PD3O8m6U6K7XpqiaxUqE5,0.847,0.441,0.208,0.625,0.0612,-19.159,0.0713,0.438,90.105,42
Tra Veglia E. Sonno,0bsj6xwYWAIi28LR59aCuC,0.445,0.544,0.28,0.055,0.248,-12.953,0.033,0.686,140.245,39
Arrivederci Roma - Remastered,6PHtklwObDCFCY7FDm10Wj,0.906,0.2,0.206,0.00605,0.122,-14.722,0.0327,0.16,101.636,44
'O sole mio,4aE95aFiLdGQWb4nQ7Ktut,0.944,0.239,0.297,0.228,0.117,-13.824,0.0367,0.323,139.801,55
Torna A Surriento,2765aVQIOralOuzH8EGKUI,0.947,0.4,0.279,0.504,0.38,-13.487,0.031,0.381,89.819,38
"Funiculì, funiculà",5Qcs9ln4ub99SZDom1Ywtc,0.975,0.527,0.295,0.0992,0.0743,-13.202,0.0673,0.375,63.745,31
Tarantella,5CVSC6Ehnko15JmOuGYFwA,0.835,0.743,0.38,0.872,0.206,-12.151,0.0481,0.583,115.619,42
Lithium,2YodwKJnbPyNKe8XXSE9V7,0.00174,0.678,0.656,0.0,0.0631,-6.41,0.0381,0.485,123.207,68
Cantaloupe Island - Live,5HuEHU71VWcyQI6KUsfkBK,0.292,0.565,0.662,0.0858,0.976,-8.341,0.0342,0.437,122.756,33
Fade Away,32ypPhtgTaETvFn3ZIHXTW,0.406,0.726,0.414,0.0,0.0713,-12.296,0.269,0.47,150.009,72
Indica Badu,0jqBo5RYn008f4ZY8kPewW,0.0402,0.742,0.72,0.000846,0.0839,-2.876,0.116,0.97,77.011,62
Doin' Time,0Oqc0kKFsQ6MhFOLBNZIGX,0.372,0.649,0.538,0.00632,0.0951,-11.196,0.0519,0.496,144.979,74
This Is America,0b9oOr2ZgvyQu88wzixux9,0.117,0.854,0.463,0.0,0.354,-6.159,0.137,0.549,120.024,74
I'm Not In Love,5HQEmiV2lKnSO6qa2fsR7x,0.685,0.404,0.523,0.000498,0.282,-15.7,0.0575,0.164,133.738,70
"Fantaisie-Impromptu In C Sharp Minor, Op. 66",1pXAdwf08Gtq1XSO5c0bzc,0.993,0.283,0.0521,0.892,0.105,-25.091,0.0394,0.0561,70.338,32
"Vivaldi: Le quattro stagioni (The Four Seasons), Op. 8: Violin Concerto No. 2 in G Minor, RV 315, ""L'Estate"". III. Tempo impetuoso d'Estate (Presto)",5N82c9RY2k4VeAel1pl5bJ,0.966,0.359,0.448,0.818,0.163,-13.081,0.0344,0.749,135.579,46
"Sonata No. 14 ""Moonlight"" in C-Sharp Minor"", Op. 27 No. 2: I. Adagio sostenuto",3DNRdudZ2SstnDCVKFdXxG,0.995,0.184,0.00527,0.887,0.173,-37.264,0.0432,0.151,170.612,67
Requiem - Lacrimosa,1QWbjmqQFsi3qRQFvTbZT8,0.977,0.1,0.23,0.794,0.1,-13.698,0.0359,0.0539,81.473,21
"Swan Lake, Op.20, TH.12 / Act 2: No.10 Scène (Moderato)",4jx8h95EIQJXf88r0byvCK,0.903,0.182,0.187,0.86,0.118,-18.209,0.037,0.0782,71.548,11
"Handel / Orch. Hale: Keyboard Suite in D Minor, HWV 437: III. Sarabande",1upQiytDIEZfl9ItruoXuC,0.927,0.204,0.0331,0.825,0.0954,-24.044,0.0487,0.0547,116.2,67
"Cello Suite No. 1 in G Major, BWV 1007: I. Prélude",61dYvvfIRtIDFuqZypPAta,0.9,0.257,0.109,0.867,0.0762,-21.356,0.0597,0.307,75.02,64
"Liebestraume, S541/R211 : No. 3: Nocturne in A-Flat Major",6GzMz3s0K1YKwRVI36CgRx,0.991,0.343,0.0342,0.92,0.1,-25.591,0.0406,0.0378,60.228,62
The Imperial Suite,2NZhNbfb1rD1aRj3hZaoqk,0.817,0.291,0.377,0.944,0.187,-11.089,0.03,0.43,87.489,47
"Peer Gynt, Op. 23: IV. In the Hall of the Mountain King",5zhuWncJsBKrQ1HhmAKNAg,0.926,0.442,0.216,0.944,0.144,-17.569,0.0555,0.574,118.779,57
Suite bergamasque: Suite bergamasque: III. Clair de lune. Andante très expressif,6N7JzrteJv8lsr1GWYyu0b,0.993,0.343,0.0252,0.932,0.0454,-27.013,0.0488,0.0395,67.207,63
Etude No. 2,5bi8ryL6gy6a1BRXOf43y9,0.992,0.235,0.166,0.87,0.101,-19.632,0.0347,0.0356,101.182,54
Journey Into the Star Cluster,4MwMx32Zd9OLxQbe37OobY,0.54,0.366,0.152,0.644,0.0773,-12.694,0.0343,0.38,95.083,31
Porch Swing Angel,50QL2fqn6EDwpBUJ5QaQ4m,0.895,0.518,0.411,0.0,0.0911,-7.896,0.0307,0.187,136.147,66
Even for You,55nTWxTugqCJR1MrtEmkNF,0.734,0.17,0.181,0.904,0.0969,-15.291,0.0443,0.036,123.616,45
Nocturne en mi bémol majeur opus 9 n°2: Ballade en Sol Mineur No.1,7n92QzQomRCLlciO14X0kd,0.99,0.387,0.0451,0.913,0.112,-24.698,0.0364,0.071,61.494,66
Première Gymnopédie,4jep6dMPP0z7HrN375InoL,0.995,0.594,0.00544,0.952,0.0814,-35.422,0.07,0.314,76.497,61
"Le Nozze di Figaro, K. 492: Sinfonia",4rjnWmrSRqXVkFWdKMG3pV,0.839,0.386,0.0738,0.947,0.155,-19.369,0.0433,0.172,142.499,58
"Vivaldi: Violin Concerto in E Major, RV 269, No. 1, Spring: I. Allegro",6JV3m7TDJ9gsJNHp0e4MWM,0.883,0.575,0.174,0.898,0.108,-14.423,0.0424,0.381,113.134,58
Spirited Away - One Summer's Day,7IBPxB2J70oDmpS1rV9Fun,0.263,0.202,0.189,0.00431,0.408,-12.424,0.0393,0.0797,75.842,37
"The Four Seasons: Winter, I. Allegro non molto",3Rnvz0FntVQuOlDlZQtISQ,0.849,0.495,0.2,0.726,0.0783,-17.577,0.0559,0.187,76.571,36
Rondo Alla Turca,4k038uwzZINTcDz1ApzHJ8,0.993,0.555,0.206,0.924,0.113,-19.826,0.0453,0.701,132.863,46
"Chopin: Piano Sonata No. 2 in B-Flat Minor, Op. 35 ""Funeral March"": III. Marche funèbre. Lento",6JoT2QRzUZ8IpkamI6WkeN,0.993,0.311,0.00326,0.949,0.0803,-24.979,0.0614,0.0656,66.356,46
"Rachmaninov: Prelude No. 1 in C-Sharp Minor, Op. 3 No. 2, ""The Bells of Moscow""",73FHnUWDmI526kxaHweWal,0.988,0.342,0.0304,0.898,0.0855,-20.867,0.0487,0.212,85.482,36
"Rigoletto / Act 3: ""La donna è mobile""",25ZYvZ2qFw7XCu8nzUxxmU,0.959,0.369,0.21,4.53e-05,0.0905,-13.552,0.0437,0.391,131.714,59
O Fortuna from Carmina Burana - Vocal,0DHIkKybRhYScZkGQU8XTL,0.723,0.315,0.264,0.752,0.155,-17.612,0.034,0.585,138.815,44
"Habanera (From “Carmen”, WD. 31)",73SspxaPunDh3aCojPH0gJ,0.982,0.47,0.0562,0.0,0.136,-20.772,0.0521,0.476,132.334,44
"Beethoven: Symphony No. 9 in D Minor, Op. 125 ""Choral"": II. Molto vivace - Presto",6lnttZF0hDaVyVZBEgpJ3I,0.964,0.364,0.189,0.82,0.0769,-22.125,0.0425,0.283,111.408,49
"Debussy: Arabesques, L. 74: No. 1",7I1SzuJcy6mRi3gT4F4NBs,0.991,0.276,0.0821,0.924,0.11,-23.464,0.0373,0.158,131.598,24
"Rabbia e Tarantella (From ""Inglourious Basterds"")",1UoUZjnpCZsWbxTcrI3lpg,0.746,0.618,0.308,0.0391,0.0949,-14.819,0.0644,0.755,115.329,41
1812 Overture,6oWacAPUt8LMXqRkEk2MNg,0.858,0.233,0.0996,0.851,0.094,-21.564,0.04,0.0401,128.3,48
Eine Kleine Nachtmusik (Allegro),2qHrXxiSG19kZyTGMgMmmf,0.891,0.46,0.163,0.525,0.0873,-15.653,0.0497,0.438,137.282,37
"Symphony No. 5 in C Minor, Op. 67: I. Allegro con brio",6cUCckpdlqHJ5Ascf2uH2A,0.957,0.248,0.298,0.9,0.0943,-15.661,0.0395,0.157,97.853,63
"Paganini: 24 Caprices, Op. 1: No. 24 in A Minor (Tema con variazioni. Quasi presto)",6cC6h5E351deEGFd7Kh9uy,0.978,0.465,0.128,0.271,0.0423,-17.628,0.0519,0.428,111.471,57
"The Well-Tempered Clavier: Book 1, BWV 846-869: Prelude and Fugue in C Major, BWV 846",2XxC430QMotGdympDP1aBo,0.991,0.335,0.101,0.847,0.133,-25.757,0.0447,0.154,121.231,46
"Toccata and Fugue in D Minor, BWV 565: 2. Fugue",4noe32LLODXkYV5FqkTIKT,0.77,0.183,0.21,0.0341,0.121,-16.921,0.0406,0.148,90.503,29
"Toccata and Fugue in D Minor, BWV 565: 1. Toccata",6tqjgeH0IiIPgJRT5cBJak,0.622,0.269,0.165,0.017,0.244,-14.56,0.0472,0.0931,118.383,15
"Piano Sonata No. 16 in C major, KV 545; I Allegro",4wNRc4fmTiISSiJG1q8dmG,0.986,0.299,0.159,0.86,0.119,-21.585,0.0337,0.663,143.054,0
"Introduction & Variations in A Major on Di tanti palpiti from Rossini's Tancredi, Op. 13, MS 77 ""I palpiti"" (Version for Violin & Piano)",1wAgzvkxLAWd6FXMf9bead,0.967,0.462,0.112,0.308,0.0652,-19.803,0.0535,0.449,120.426,6
"Waltz in C-sharp minor, Op. 64 No. 2",1lOVilzLQuYY2fnFrQ76DK,0.991,0.191,0.0157,0.916,0.134,-36.252,0.0411,0.0869,72.701,61
"Die Walkure, Act III: Ride of the Valkyries",2e8MxBgVWMSQmxb2zcuCoq,0.929,0.251,0.219,0.933,0.0824,-16.781,0.0323,0.0965,89.997,56
The Thieving Magpie,2jQcFQbZ2frHA7QkFDFQw1,0.64,0.45,0.454,0.816,0.275,-11.46,0.0585,0.379,154.142,37
"Hungarian Dance No. 5 in G Minor, WoO 1 No. 5 (Orch. Schmeling)",2oLjhx7w8Hyd3gry9cCXr7,0.899,0.358,0.167,0.96,0.103,-16.0,0.0354,0.601,144.561,61
Concerto No.3 in F Major RV 293 :AUTUMN: - Allegro,4UsAHGh40K6VRxPyXPnKte,0.926,0.442,0.104,0.108,0.118,-21.814,0.042,0.266,160.096,2
Jazz Suite No. 2: VI. Waltz 2,0pjCsB0XNSyqM9UazlTODC,0.984,0.322,0.184,0.902,0.0813,-18.312,0.0338,0.356,107.847,58
"Hungarian Rhapsody No. 2 in C-Sharp Minor, S. 244/2",7CIoJE0JfVFcmmUY3fFojH,0.987,0.349,0.326,0.886,0.784,-15.347,0.0551,0.168,80.233,48
The Entertainer,60m29Z8TtocKOqDlQEbwUS,0.105,0.611,0.912,0.0,0.117,-6.775,0.0398,0.77,101.307,49
"Tchaikovsky: The Nutcracker, Op. 71, Act 2: No. 14b Dance of the Sugar-Plum Fairy",1oDAFTOXZGSQedBa6hXGhT,0.913,0.342,0.0205,0.784,0.17,-31.8,0.0349,0.0462,110.524,51
"Tchaikovsky: The Nutcracker - Ballet, Op. 71, Act 1: No. 2 March",06am46cX3Z6YlSsg0TyVHA,0.977,0.442,0.116,0.868,0.0862,-23.172,0.0412,0.511,151.064,55
"Tchaikovsky: The Nutcracker - Ballet, Op. 71, Act II, No. 12 - Divertissement: Dance of the Reed Pipes",2FSMEjWvRqmrdZbsqiW8ds,0.969,0.462,0.051,0.945,0.168,-30.068,0.0418,0.285,132.034,48
"Minuet in G Major, BWV 114 Anh. 117",69Tool6cLS2MsxA0pq0S1U,0.995,0.576,0.0858,0.95,0.113,-23.26,0.0462,0.714,107.675,29
Mariage d'Amour,4Sg5kugcA7G2dyFpok5Jyt,0.973,0.305,0.177,0.942,0.0834,-20.758,0.0457,0.217,161.496,51
"La Mer, L.109: 1. From Dawn Till Noon On The Sea (De l'aube à midi sur la mer)",4RsIBxK9hVGLq6VyjBSlAc,0.89,0.136,0.0324,0.943,0.0601,-27.949,0.0383,0.0376,67.671,27
Minute Waltz (Op. 64 No. 1),4bF4uR83y6q16kpySR5TOe,0.981,0.336,0.138,0.944,0.142,-24.256,0.0342,0.491,140.115,34
"La campanella in G-Sharp Minor (From ""Grandes études de Paganini"", S. 141 / 3)",2Hnurh1BcigGbCGFOb4Uid,0.931,0.28,0.287,0.888,0.0762,-22.167,0.0367,0.509,87.953,54
"Piano Sonata No. 8 in C Minor, Op. 13 ""Pathétique"": III. Rondo (Allegro)",0yfiX5ObXoQMLS76hQiSsH,0.99,0.355,0.0824,0.896,0.193,-23.625,0.044,0.288,97.611,3
"Bach, J.S.: Concerto for 2 Violins in D Minor, BWV 1043: I. Vivace",3hPIrDZgNRsxpY84w4ruym,0.927,0.551,0.389,0.000221,0.105,-13.878,0.058,0.723,92.692,23
"Wieniawski: 8 Etudes-Caprices, Op. 18: No. 4 in A Minor",3VIvQV05eIUaLgYrv1BEac,0.963,0.645,0.344,0.105,0.272,-17.679,0.0539,0.91,105.781,33
"Brahms: Violin Concerto in D Major, Op. 77: III. Allegro giocoso, ma non troppo vivace",55NalIUC671ie5eaNJAHjt,0.84,0.438,0.345,0.412,0.267,-12.47,0.0426,0.4,86.9,30
"Paganini: 24 Caprices, Op. 1: No. 13 in B-Flat Major",6ccTdWWb6FNaF7Y7EgfPSr,0.989,0.453,0.15,0.451,0.313,-18.062,0.0495,0.586,138.596,17
"The Blue Danube Waltz, Op. 314",5VB8zfiHCroYwXTINKP4rj,0.971,0.287,0.0912,0.932,0.105,-17.796,0.0362,0.108,94.741,43
"Concertone in C Major, K. 190: 1. Allegro spiritoso",6sX3VdJ37o5DPva2NJouzj,0.975,0.37,0.0654,0.756,0.0948,-21.424,0.0459,0.39,125.091,15
"Tchaikovsky: The Nutcracker, Op. 71, Act 2: No. 12 Divertissement - Tea - Chinese Dance",7o5DCsdl4eIqusst2pVoKX,0.941,0.451,0.127,0.406,0.185,-26.564,0.0338,0.832,111.353,47
"Sonata for Two Violins in A Minor: I. Poco lento, maestoso - Allegro fermo - Allegro giusto",0BtFgjFrc5Uw8n1BeM1THd,0.99,0.218,0.0964,0.0169,0.252,-18.579,0.0524,0.132,74.91,22
"Zigeunerweisen, Op. 20: II. Lento",5aq7wRwq9IDDqAa56x7Yws,0.813,0.333,0.0946,0.324,0.127,-22.633,0.0417,0.0471,100.436,38
"Dvorák: Symphony No. 8 in G Major, Op. 88, B. 163: III. Allegretto grazioso",73MO8IyzrcD7wckKoTi2Fv,0.89,0.181,0.069,0.897,0.368,-24.892,0.0426,0.249,154.144,21
"Tambourin chinois, Op. 3 (Arr. McAlister for Violin and Orchestra)",4WzhfxHww1McJhUWFs5aJY,0.899,0.396,0.145,0.333,0.0713,-24.816,0.0487,0.154,156.75,24
"Violin Concerto in E Minor, Op. 64, MWV O 14: 3. Allegro non troppo - Allegro molto vivace",24n14sChX55X9Q7UoYsxkc,0.917,0.456,0.217,0.384,0.0782,-19.269,0.0433,0.412,86.951,25
"Der Erlkönig - Grand Caprice, Op. 26",2mduz7JfvWb8Fe7NbPhEVU,0.992,0.424,0.202,0.869,0.108,-18.787,0.0599,0.436,58.974,30
"Sibelius: Violin Concerto in D Minor, Op. 47: III. Allegro, ma non tanto",53hnN0g56gii4FQWNNHFev,0.836,0.423,0.266,0.191,0.181,-16.729,0.0409,0.267,107.522,30
Nel cor più non mi sento: Introduction and Variations,4y4Ef1wxrSnFfNqZzIVkVY,0.985,0.414,0.0465,0.162,0.0948,-20.874,0.0686,0.275,90.709,19
"Violin Sonata in G Minor, ""Devil's Trill"": III. Allegro assai",4i3AfdygCIDJ5A1nb9mEPj,0.967,0.283,0.1,0.0294,0.19,-17.983,0.0451,0.0961,75.409,38
"Violin Concerto in E Minor, Op. 64, MWV O 14: 1. Allegro molto appassionato",4Ivo07fh9EyPtPinrxXlC4,0.919,0.287,0.145,0.144,0.0987,-19.665,0.0406,0.167,101.679,49
"String Quartet No. 8 in C Minor, Op. 110: 2. Allegro molto",1zwNC4HIvgQQ6nga0ygjIg,0.966,0.421,0.46,0.894,0.105,-13.568,0.0375,0.435,125.925,28
"Danse macabre in G Minor, Op. 40",1IM8x4lxZVOOP9gpQD6c5s,0.906,0.442,0.181,0.656,0.0598,-20.419,0.0443,0.172,115.884,56
"Sibelius: Violin Concerto in D Minor, Op. 47: I. Allegro moderato",1amhCqDxkHGhQMv1Ss9OJs,0.889,0.251,0.183,0.0468,0.317,-19.801,0.0441,0.087,108.725,36
"Sinding: Suite for Violin and Orchestra in A Minor, Op. 10: I. Presto",2ZjnMG8bkUB1pcLYocBebt,0.877,0.412,0.392,0.263,0.0832,-16.35,0.0394,0.32,97.839,20
"Paganini: Violin Concerto No. 1 in D Major, Op. 6: III. Rondo (Allegro spiritoso)",0S4OFl4vLHobIe45Ep5Gwb,0.916,0.529,0.179,0.0352,0.0782,-18.996,0.0467,0.441,100.469,19
"Scherzo-tarantelle in G Minor, Op.16 - 1987 Remastered Version",0yQMA3UgzGgmL7Py3lPFCx,0.892,0.422,0.253,0.134,0.128,-16.373,0.0438,0.455,114.297,29
"La Campanella, Op.7",0nUunuoVRMfjnRl2Emue48,0.904,0.575,0.116,0.176,0.101,-22.191,0.0667,0.419,110.209,33
"Introduction and Rondo capriccioso in A minor, Op. 28",3leTyhTguxLryLUoRaxQ19,0.971,0.387,0.107,0.415,0.041,-20.816,0.045,0.253,92.584,46
"12 Etudes, Op.25: No. 11 in A minor ""Winter Wind""",5GNEDBVlf5bxGpYRC8JifC,0.984,0.344,0.192,0.852,0.101,-19.99,0.0387,0.103,65.41,7
"The Carnival of the Animals, R. 125: VII. Aquarium",7wYKBR1UZygju6LfbgYR27,0.966,0.261,0.257,0.0345,0.177,-17.171,0.0363,0.201,136.275,25
"Sibelius: Violin Concerto in D Minor, Op. 47: II. Adadio di molto",2tpLMd34resUBWWarNI4DQ,0.949,0.0957,0.131,0.0839,0.131,-20.571,0.0438,0.0358,84.305,27
"String Quartet No. 8 in C Minor, Op. 110: 3. Allegretto",3kmFdcOaD1C2uUTElIZDc9,0.974,0.507,0.0804,0.894,0.0704,-22.215,0.0409,0.328,114.016,19
"Children's Corner, L. 113: 4. The Snow Is Dancing",4RYjYQSieG9MAXa4tf9NvA,0.991,0.27,0.131,0.898,0.311,-28.252,0.0395,0.158,131.459,29
Knives Out! (String Quartet in G Minor),6MVKZqfRYWkeFNRiIRjJub,0.742,0.57,0.279,0.521,0.282,-11.271,0.0442,0.481,115.47,41
"Symphony No. 9 in D Minor, Op. 125 ""Choral"": 4. Presto - Allegro ma non troppo",0DxeSpy96b0YTQdyjQoftu,0.965,0.222,0.278,0.514,0.0861,-12.172,0.0421,0.108,77.666,33
"Symphony No. 40 in G Minor, K. 550: I. Molto Allegro",43Nsg5Eu1VsZG7Kj3NIWkm,0.977,0.364,0.167,0.921,0.0991,-18.152,0.0385,0.186,111.42,9
"Paganini: 24 Caprices, Op. 1: No. 16 in G Minor",52biJNbmbzCVyN8o0lbImY,0.986,0.453,0.315,0.0147,0.18,-16.518,0.0451,0.957,137.24,17
I Am The Greatest,1BTj47Up5m8601KOFrTvkj,0.042,0.801,0.815,4.42e-06,0.0741,-4.81,0.148,0.37,90.017,56
Wrist,7qT7NUDywO7vNJNTNxqWiN,0.00865,0.854,0.685,4.72e-06,0.0727,-5.319,0.242,0.526,139.988,55
Flexicution,2c8sgbZoEanC3QyFNZxUcA,0.0619,0.782,0.713,0.00125,0.108,-6.576,0.0899,0.68,159.839,63
The Jam,4dVJyyeCPEONr44NIrXvie,0.0145,0.814,0.589,0.0,0.114,-7.762,0.324,0.375,149.08,51
Shimmy Shimmy Ya,3ABG1UQTk0eLYUAeWkmfMi,0.097,0.814,0.481,3.83e-05,0.0495,-5.183,0.245,0.193,96.252,66
Energy,79XrkTOfV1AqySNjVlygpW,0.38,0.747,0.571,0.0,0.534,-7.916,0.478,0.553,172.104,71
Immigrant Song - 1990 Remaster,6kjlvJLh2DBsSQtqVzFh8I,0.00031,0.574,0.926,0.478,0.386,-10.79,0.0562,0.609,113.097,57
Dazed and Confused - 1990 Remaster,6hu1f1cXSw7OAqhpSQ2zDy,0.044,0.271,0.553,0.0096,0.0999,-9.526,0.0472,0.433,86.762,62
War Pigs / Luke's Wall - 2012 - Remaster,2rd9ETlulTbz6BYZcdvIE1,0.222,0.332,0.623,0.000895,0.278,-12.363,0.08,0.413,183.097,64
Iron Man - 2012 - Remaster,3IOQZRcEkplCXg6LofKqE9,0.00351,0.336,0.792,0.00175,0.0437,-10.875,0.084,0.427,155.587,65
Welcome to Paradise,5kr3j5Clb9rjEposoMyLVt,0.000241,0.37,0.96,0.0116,0.0563,-4.162,0.0378,0.717,89.428,67
Fight For Your Right,5NLuC70kZQv8q34QyQa1DP,0.00757,0.503,0.858,0.00234,0.0803,-6.296,0.0657,0.419,133.615,69
Give It Away,0uppYCG86ajpV2hSR3dJJ0,0.00244,0.666,0.936,0.086,0.153,-9.919,0.0476,0.776,91.577,72
Know Your Enemy,1XTGyfJeMiZXrZ1W3NolcB,0.0125,0.575,0.857,0.00229,0.145,-3.961,0.155,0.623,117.413,63
Township Rebellion,4BOOsIe7Zx3SKJAEXgt1YH,0.00863,0.542,0.704,0.00285,0.113,-5.166,0.0511,0.44,134.068,47
Bombtrack,2rBHnIxbhkMGLpqmsNX91M,0.0239,0.459,0.926,1.93e-05,0.183,-3.415,0.155,0.569,151.534,65
Intergalactic - Remastered,5fpizYGbi5IQoEraj6FP0R,0.022,0.734,0.864,9.85e-06,0.246,-6.119,0.303,0.47,105.932,68
Sabotage,0Puj4YlTm6xNzDDADXHMI9,0.032,0.324,0.938,0.0321,0.0961,-7.332,0.102,0.543,168.131,72
No Sleep Till Brooklyn,5qxChyzKLEyoPJ5qGrdurN,0.122,0.712,0.691,0.0,0.0538,-8.157,0.128,0.742,97.022,66
WAKE UP,20MuVazoNMv6xjKPnRFOxG,0.192,0.741,0.645,0.0,0.163,-5.116,0.0963,0.488,149.07,74
Renegades Of Funk,5YBVDvTSSSiqv7KZDeUlXA,0.00184,0.651,0.908,0.000579,0.384,-4.019,0.0577,0.769,123.851,66
Bulls On Parade,0tZ3mElWcr74OOhKEiNz1x,0.0124,0.412,0.919,0.0601,0.424,-7.291,0.184,0.572,166.367,74
Guerrilla Radio,1wsRitfRRtWyEapl0q22o8,0.0129,0.599,0.957,7.06e-05,0.155,-5.764,0.188,0.489,103.68,70
Chop Suey!,2DlHlPMa4M17kufBvI2lEN,0.000278,0.419,0.934,0.0015,0.132,-3.908,0.12,0.286,127.288,80
Thunderstruck,57bgtoPSgt236HzfBOd8kj,0.000147,0.502,0.89,0.0117,0.217,-5.175,0.0364,0.259,133.52,82
OKRA,74ZovzRxHBvCq5yIwe8boh,0.0456,0.589,0.57,1.51e-06,0.137,-9.54,0.361,0.441,136.203,62
Insane in the Brain,1oTHteQbmJw15rPxPVXUTv,0.0297,0.897,0.612,0.186,0.0894,-10.489,0.211,0.767,102.305,70
Sweet Emotion,24NwBd5vZ2CK8VOQVnqdxr,0.00298,0.38,0.76,0.0294,0.104,-10.961,0.0378,0.491,99.437,75
Dream On,5MxNLUsfh7uzROypsoO5qe,0.388,0.307,0.433,9.08e-05,0.332,-10.057,0.029,0.224,160.9,78
Smells Like Teen Spirit,5ghIJDpPoe3CfHMGu71E6T,2.55e-05,0.502,0.912,0.000173,0.106,-4.556,0.0564,0.72,116.761,74
The Pretender,7x8dCjCr0x6x2lXKujYD34,0.000917,0.433,0.959,0.0,0.028,-4.04,0.0431,0.365,172.984,77
Shoot to Thrill,0C80GCp0mMuBzLf3EAXqxv,0.000239,0.457,0.904,0.0879,0.396,-5.303,0.0747,0.48,141.038,73
Back In Black,08mG3Y1vljYA6bvDt4Wqkj,0.011,0.31,0.7,0.00965,0.0828,-5.678,0.047,0.763,188.386,84
American Idiot,6nTiIhLmQ3FWhvrGafw2zj,2.64e-05,0.38,0.988,7.86e-05,0.368,-2.042,0.0639,0.769,186.113,78
Electric Funeral - 2012 - Remaster,7As8h8LJTMIritB8QwSmqr,0.437,0.364,0.487,1.28e-06,0.266,-12.888,0.0464,0.285,125.271,50
Helter Skelter - Remastered 2009,0Bs0hUYxz7REyIHH7tRhL2,0.000606,0.166,0.831,0.846,0.811,-8.469,0.0894,0.281,167.518,62
Longview,3LRJbFT9rKoKv4aW7PuBJC,0.00834,0.381,0.732,0.0101,0.0854,-7.594,0.0536,0.814,142.504,66
She,6SQLk9HSNketfgs2AyIiMs,0.000532,0.535,0.521,0.371,0.19,-5.942,0.0272,0.457,140.026,79
Hitchin' a Ride,6WlmA3HPHuNIR2mxI8LkZF,0.00306,0.424,0.919,0.00674,0.123,-4.629,0.1,0.684,163.732,59
Bullet In The Head,1WWgMk8nD79p8VeKFGYrOw,0.00673,0.431,0.855,0.00114,0.639,-4.205,0.15,0.397,163.014,58
Ordinary Day (ft. Hailee Steinfeld),2zIAPysksDdMAiG33qH6kW,0.0224,0.748,0.894,0.0,0.143,-6.67,0.0748,0.839,157.988,53
CAN'T GET OVER YOU (feat. Clams Casino),39oeKRgsLeynDIbWuXyA47,0.684,0.9,0.316,0.0771,0.0853,-8.797,0.332,0.844,129.914,73
Ain't No Rest for the Wicked,3Pzh926pXggbMe2ZpXyMV7,0.0438,0.634,0.849,0.0,0.363,-7.075,0.105,0.919,156.004,73
Redbone,0wXuerDYiBnERgIpbb3JBR,0.167,0.743,0.347,0.00951,0.103,-11.174,0.121,0.572,160.143,81
Let It Be - Remastered 2009,7iN1s7xHE4ifF5povM6A48,0.631,0.443,0.403,0.0,0.111,-8.339,0.0322,0.41,143.462,78
SLOW DANCING IN THE DARK,0rKtyWc8bvkriBthvHKY8d,0.544,0.515,0.479,0.00598,0.191,-7.458,0.0261,0.284,88.964,85
Father And Son,19slC7k8bsPOAKDjHYLU2W,0.589,0.499,0.33,4.21e-05,0.102,-11.467,0.0348,0.395,135.993,74
Planet Caravan - 2012 - Remaster,2VDg6h3Qr3F8UuFVInQxE6,0.941,0.368,0.0595,0.889,0.0827,-28.603,0.036,0.338,90.127,57
Hurt Me,3XRQT7EoS4U87rUuJwg5P3,0.128,0.62,0.451,0.0,0.373,-7.623,0.17,0.294,156.906,73
O Superman,421Gp1eSmOIcD6alTWowFR,0.963,0.8,0.024,0.207,0.101,-20.703,0.0524,0.309,148.57,44
Tammy's Song (Her Evils),22gXA7HlEd0z13zdc3hju7,0.924,0.477,0.835,0.000508,0.129,-5.942,0.438,0.52,97.317,53
In the Mood,6dZKWYSx5YBIme4SfpIHJ0,0.854,0.645,0.398,0.306,0.0731,-12.208,0.11,0.705,82.768,58
Blue Bossa - Remastered,6qqK0oeBRapZn8f9hJJENw,0.911,0.531,0.366,0.88,0.0916,-11.697,0.0496,0.785,81.867,45
遇見,3xJK8ywApYVEYIDhymYMC6,0.841,0.631,0.233,3.24e-06,0.228,-13.016,0.0329,0.442,91.864,59
Giant Steps,47vmcuvMWFIsMaiHFIGSIu,0.441,0.431,0.491,0.000458,0.134,-10.746,0.0562,0.577,148.243,52
Take Five,1YQWosTIljIvxAgHWTp7KP,0.539,0.454,0.26,0.00078,0.0675,-13.193,0.0401,0.598,174.322,67
So What,0JiY190vktuhSGN6aqJdrt,0.000329,0.534,0.87,0.0,0.241,-3.078,0.0425,0.462,126.019,76
"Take the ""A"" Train",6KBsivP3Of4z2x6uNMAyE3,0.278,0.479,0.318,0.0959,0.107,-13.836,0.0395,0.575,94.036,54
A Night In Tunisia - Remastered,5KQ6uddno2Hht84gJDHsPF,0.592,0.528,0.583,0.0,0.305,-8.776,0.0643,0.671,96.284,46
Blue Train - Remastered 2003,6ZgaUtMlUzUf7SqbUUnfbu,0.798,0.506,0.493,0.00355,0.307,-7.759,0.0427,0.584,134.77,58
Untitled Original 11383 - Take 1,7aGpjo6SB59tpTiMlD1uvL,0.706,0.429,0.368,1.96e-06,0.294,-14.071,0.0404,0.596,111.348,43
I Can't Believe That You're In Love With Me,6nYyd4vfb831h391mt3GWU,0.988,0.671,0.249,0.341,0.132,-10.399,0.0336,0.502,103.745,44
Ornithology,6A1mh31895sUIYEpOfeqC3,0.532,0.475,0.689,0.00427,0.969,-9.351,0.054,0.823,117.407,40
Cousin Mary,0DBEfSktiApw6NoTpH1Sjc,0.473,0.529,0.354,0.00371,0.144,-15.427,0.0546,0.443,111.434,34
Countdown,3axkNosdVQLZiq1HakuGhc,0.308,0.665,0.787,0.0,0.219,-5.73,0.151,0.699,167.349,65
Spiral,1SUqA5kAuaPEZBZR5JsxeC,0.123,0.753,0.386,0.937,0.0873,-9.798,0.234,0.773,88.023,50
Syeeda's Song Flute,3VwKqr3t9W4Hnt2g9afW8T,0.676,0.597,0.197,0.0168,0.128,-16.144,0.0516,0.41,93.371,31
Mr. P.C.,5ytXSrCiSO8UWL4f6rAOJy,0.466,0.475,0.541,1.24e-05,0.319,-11.89,0.0749,0.596,131.121,42
Smoke Stack - Alternate Take,77q37gyYNb25EzIkpMic11,0.602,0.498,0.739,0.00044,0.184,-7.167,0.0587,0.834,109.691,16
"I Love You Sweetheart Of All My Dreams - Live At Palo Alto High School, Palo Alto, CA / 1968",1A05kJ0HH3HU8f470t8BWW,0.663,0.326,0.993,0.525,0.943,-15.227,0.0825,0.0322,91.769,36
Cherokee,6iqyiNM3H4OoB7O02IYsVd,0.965,0.686,0.213,0.646,0.104,-16.612,0.0339,0.427,115.329,54
Live For,3kgqHVqfiabABjaFi9Tnhn,0.517,0.626,0.68,0.0,0.114,-7.64,0.112,0.227,75.978,60
She Never Been To Pluto,7yOoJXW6wkpzlJpfjDKhIV,0.0159,0.827,0.615,0.0,0.307,-5.879,0.222,0.221,132.996,70
Strode Rode - Rudy Van Gelder Remaster,5xoQDcAjk0AaOU8QBZ4w4w,0.653,0.447,0.535,0.0146,0.171,-8.205,0.0347,0.838,129.539,33
Scrapple From The Apple,7flQESHoCoDzirWF4IkKGq,0.982,0.417,0.397,0.804,0.185,-11.683,0.0558,0.737,201.162,46
Footprints - Remastered,2JITVZu8o6ls9k8SoMRy7w,0.768,0.53,0.454,0.116,0.113,-11.19,0.028,0.492,135.947,44
My Favorite Things,2myZWpSikELxocaznAz3X1,0.185,0.624,0.568,0.0,0.101,-6.627,0.0292,0.616,117.967,58
Freddie Freeloader,2x91iJc0UkFcjRMEZ2CoWB,0.703,0.638,0.186,0.00103,0.118,-15.831,0.0347,0.498,128.372,54
Better Git It in Your Soul,16nJl8NnriCJxraco5Zssm,0.111,0.457,0.548,0.00016,0.103,-12.486,0.0551,0.76,88.8,52
Remember - Remastered,2BhU0Hl5OatWiCW93pE2b8,0.794,0.539,0.403,0.000613,0.278,-9.168,0.0531,0.699,165.301,53
Love For Sale - Remastered,16Po3i2Kcsy74jz0lp6fdJ,0.735,0.582,0.343,0.0,0.125,-8.004,0.0428,0.462,88.144,47
Stolen Moments,3z2yfA8yko5CE5QObwvSgG,0.829,0.434,0.211,0.0,0.104,-9.371,0.0506,0.202,170.597,53
Confirmation - Take 3 / Master,29erJjtgdbh1KbG7MuPJCj,0.506,0.581,0.552,5.07e-05,0.0897,-9.529,0.046,0.747,103.772,35
Maiden Voyage - Remastered 1999/Rudy Van Gelder Edition,0T1EaGm6b9eM7xBf4F1hlc,0.719,0.467,0.459,0.00312,0.0944,-9.706,0.0305,0.178,124.379,49
Life's Incredible Again,45MllV1fJos1Ef6Cd13H2E,0.687,0.587,0.495,0.725,0.122,-9.204,0.035,0.759,120.017,45
Seventeen,0SBariQWfKjoslW2XSIFOm,0.00837,0.559,0.89,0.00759,0.103,-5.188,0.0387,0.809,91.509,61
Dat $tick,4bdJHQp90ymjEIkkYhcENB,0.104,0.923,0.508,1.21e-05,0.126,-8.668,0.0468,0.168,108.039,66
Nomadic,4vCG26vd7hzGdLq84pl1tf,0.000553,0.357,0.986,0.0106,0.236,-2.266,0.102,0.543,183.901,48
Who That Be,1XSvndyw6uqVW1ekRZsJUp,0.358,0.959,0.47,0.0,0.0806,-11.53,0.166,0.964,129.995,52
Crisis (feat. 21 Savage),60KSdUUY3dtPOFpvTf0wNm,0.0725,0.898,0.671,4.95e-05,0.119,-5.939,0.228,0.668,144.989,50
Back At It (feat. Lil Baby),07twUUK8jWUCVsrSoEgbLW,0.0204,0.741,0.678,0.0,0.0782,-5.835,0.355,0.718,165.106,67
Bank Account,2fQrGHiQOvpL9UgPvtYy6G,0.0151,0.884,0.346,7.04e-06,0.0871,-8.228,0.351,0.376,75.016,78
18,3JjnGLK8IxkNLvo8Lb3KOM,0.22,0.681,0.582,0.0,0.119,-7.76,0.0313,0.221,124.038,80
King Kunta,0N3W5peJUQtI4eyR6GJT5O,0.00589,0.884,0.657,0.0,0.154,-4.569,0.0977,0.489,107.059,73
Contra La Pared,37eGbhE1xVFSvcKkqGb6i1,0.0156,0.828,0.588,0.0,0.124,-7.14,0.118,0.598,94.052,72
44 More,3e7Y6sfFlIdBMJhX7wpqVO,0.0718,0.824,0.584,0.0,0.106,-7.098,0.221,0.219,139.965,69
Nonstop,0TlLq3lA83rQOYtrqBqSct,0.0165,0.912,0.412,0.0126,0.104,-8.074,0.123,0.423,154.983,79
Midsummer Madness,6TodWdTSDfzwgYynTZSvJn,0.359,0.409,0.678,4.76e-06,0.167,-7.731,0.0878,0.168,89.968,73
3005,2ZltjIqztEpZtafc8w0I9t,0.113,0.472,0.448,0.0,0.0914,-7.272,0.326,0.636,166.077,76
Bonfire,799f6Ih1Pu4AUApMyXhxUc,0.0594,0.506,0.745,0.0,0.341,-6.044,0.331,0.311,161.808,71
"Wu Tang Forever (ft. Ghostface Killah, Raekwon, RZA, Method Man, Inspectah Deck, Cappadonna, Jackpot Scotty Wotty, U-God, Masta Killa, GZA)",6VDz4m1vEGHDDqQojf1mpc,0.134,0.725,0.809,0.0,0.369,-4.941,0.309,0.755,90.991,58
m.A.A.d city,439TlnnznSiBbQbgXiBqAd,0.0538,0.487,0.729,4.07e-06,0.44,-6.815,0.271,0.217,91.048,67
"Bitch, Don’t Kill My Vibe",712uvW1Vezq8WpQi38v2L9,0.0152,0.587,0.698,0.0,0.442,-8.948,0.0943,0.0985,133.954,66
Alright,3iVcZ5G6tvkXZkZKlMpIUs,0.0742,0.796,0.766,0.0,0.0827,-5.974,0.238,0.558,110.034,73
Uh Huh!,4nchIkVWKBFzOvmlisTHdR,0.0565,0.683,0.716,0.0,0.222,-7.597,0.311,0.497,155.691,58
Pirates of the Caribbean (Main Theme),3PLWLhQpVUWdAG2ky9GCKa,0.00848,0.584,0.437,0.912,0.0899,-15.639,0.0325,0.261,105.649,52
Bangarang (feat. Sirah),6VRhkROS2SZHGlp0pxndbJ,0.0145,0.716,0.972,3.22e-05,0.317,-2.302,0.196,0.576,110.026,72
Everlong,5UWwZ5lm5PKu6eKsHAGxOk,5.99e-05,0.413,0.881,0.000308,0.0805,-5.541,0.0367,0.364,158.066,78
My Hero,4dVbhS6OiYvFikshyaQaCN,6.2e-05,0.398,0.927,0.000177,0.0575,-4.212,0.0567,0.311,77.106,70
Young Forever,35srNkJVToAzYiZzron1FY,0.417,0.637,0.69,0.0,0.211,-3.214,0.0693,0.103,140.329,65
Boombastic,4fxF8ljwryMZX5c9EKrLFE,0.242,0.867,0.538,1.75e-05,0.316,-16.183,0.361,0.781,158.328,67
Stairway to Heaven - 1990 Remaster,51pQ7vY7WXzxskwloaeqyj,0.575,0.346,0.335,0.00674,0.185,-12.453,0.0339,0.213,84.204,68
Sandstorm - Radio Edit,24CXuh2WNpgeSYUOvz14jk,0.169,0.539,0.98,0.982,0.084,-8.18,0.0469,0.522,136.087,60
Love You Madly,5jhfa76FhqtD3Boij6MAKS,0.0908,0.752,0.809,9.41e-05,0.169,-8.399,0.0598,0.658,106.999,56
Loser,5PntSbMHC1ud6Vvl8x56qd,0.0337,0.654,0.611,0.000178,0.405,-10.45,0.119,0.786,85.387,70
Police & Thieves - Remastered,6IMlcKjsIM3l3yXWykTa3y,0.0289,0.721,0.488,0.038,0.18,-10.294,0.067,0.884,152.287,53
Mercy,0AS63m1wHv9n4VVRizK6Hc,0.125,0.555,0.662,0.0,0.111,-4.952,0.0827,0.356,148.128,79
Root Down,18tgx070tbAM4TKxEwzWaG,0.319,0.838,0.921,3.27e-06,0.399,-7.588,0.0868,0.887,100.003,46
YEAH RIGHT,1VGzxJnVQND7Cg5H5wGj14,0.619,0.672,0.588,0.241,0.0992,-9.573,0.133,0.204,169.033,81
Stressed Out,3CRDbSIZ4r5MsZ0YwxuEkn,0.0462,0.734,0.637,2.29e-05,0.0602,-5.677,0.141,0.648,169.977,83
Mama Said Knock You Out,6C7ZgThn6Yan5MTZdAEEFw,0.0314,0.791,0.759,0.674,0.255,-7.378,0.129,0.619,102.382,63
you broke me first,45bE4HXI0AwGZXfZtMp8JR,0.786,0.642,0.374,0.0,0.0906,-9.386,0.0545,0.0799,124.099,94
No Role Modelz,62vpWI1CHwFy7tMIcSStl8,0.301,0.692,0.521,0.0,0.0565,-8.465,0.33,0.463,100.45,84
